ccp,cr,avg_val,rev,exp,pro,ROI
0.6,0.004,126.5,506.0,600,-94.0,-0.16
0.6,0.004,136.5,546.0,600,-54.0,-0.09
0.6,0.005,126.5,632.5,600,32.5,0.05
0.6,0.005,136.5,682.5,600,82.5,0.14
0.6,0.006,126.5,759.0,600,159.0,0.27
0.6,0.006,136.5,819.0,600,219.0,0.36
0.6,0.007,126.5,885.5,600,285.5,0.48
0.6,0.007,136.5,955.5,600,355.5,0.59
0.6,0.008,126.5,1012.0,600,412.0,0.69
0.6,0.008,136.5,1092.0,600,492.0,0.82
0.6,0.009,126.5,1138.5,600,538.5,0.9
0.6,0.009,136.5,1228.5,600,628.5,1.05
0.6,0.01,126.5,1265.0,600,665.0,1.11
0.6,0.01,136.5,1365.0,600,765.0,1.27
0.6,0.011,126.5,1391.5,600,791.5,1.32
0.6,0.011,136.5,1501.5,600,901.5,1.5
0.6,0.012,126.5,1518.0,600,918.0,1.53
0.6,0.012,136.5,1638.0,600,1038.0,1.73
0.6,0.013,126.5,1644.5,600,1044.5,1.74
0.6,0.013,136.5,1774.5,600,1174.5,1.96
0.6,0.014,126.5,1771.0,600,1171.0,1.95
0.6,0.014,136.5,1911.0,600,1311.0,2.19
0.61,0.004,126.5,497.7,600,-102.3,-0.17
0.61,0.004,136.5,537.05,600,-62.95,-0.1
0.61,0.005,126.5,622.13,600,22.13,0.04
0.61,0.005,136.5,671.31,600,71.31,0.12
0.61,0.006,126.5,746.56,600,146.56,0.24
0.61,0.006,136.5,805.57,600,205.57,0.34
0.61,0.007,126.5,870.98,600,270.98,0.45
0.61,0.007,136.5,939.84,600,339.84,0.57
0.61,0.008,126.5,995.41,600,395.41,0.66
0.61,0.008,136.5,1074.1,600,474.1,0.79
0.61,0.009,126.5,1119.84,600,519.84,0.87
0.61,0.009,136.5,1208.36,600,608.36,1.01
0.61,0.01,126.5,1244.26,600,644.26,1.07
0.61,0.01,136.5,1342.62,600,742.62,1.24
0.61,0.011,126.5,1368.69,600,768.69,1.28
0.61,0.011,136.5,1476.89,600,876.89,1.46
0.61,0.012,126.5,1493.11,600,893.11,1.49
0.61,0.012,136.5,1611.15,600,1011.15,1.69
0.61,0.013,126.5,1617.54,600,1017.54,1.7
0.61,0.013,136.5,1745.41,600,1145.41,1.91
0.61,0.014,126.5,1741.97,600,1141.97,1.9
0.61,0.014,136.5,1879.67,600,1279.67,2.13
0.62,0.004,126.5,489.68,600,-110.32,-0.18
0.62,0.004,136.5,528.39,600,-71.61,-0.12
0.62,0.005,126.5,612.1,600,12.1,0.02
0.62,0.005,136.5,660.48,600,60.48,0.1
0.62,0.006,126.5,734.52,600,134.52,0.22
0.62,0.006,136.5,792.58,600,192.58,0.32
0.62,0.007,126.5,856.94,600,256.94,0.43
0.62,0.007,136.5,924.68,600,324.68,0.54
0.62,0.008,126.5,979.35,600,379.35,0.63
0.62,0.008,136.5,1056.77,600,456.77,0.76
0.62,0.009,126.5,1101.77,600,501.77,0.84
0.62,0.009,136.5,1188.87,600,588.87,0.98
0.62,0.01,126.5,1224.19,600,624.19,1.04
0.62,0.01,136.5,1320.97,600,720.97,1.2
0.62,0.011,126.5,1346.61,600,746.61,1.24
0.62,0.011,136.5,1453.06,600,853.06,1.42
0.62,0.012,126.5,1469.03,600,869.03,1.45
0.62,0.012,136.5,1585.16,600,985.16,1.64
0.62,0.013,126.5,1591.45,600,991.45,1.65
0.62,0.013,136.5,1717.26,600,1117.26,1.86
0.62,0.014,126.5,1713.87,600,1113.87,1.86
0.62,0.014,136.5,1849.35,600,1249.35,2.08
0.63,0.004,126.5,481.9,600,-118.1,-0.2
0.63,0.004,136.5,520.0,600,-80.0,-0.13
0.63,0.005,126.5,602.38,600,2.38,0.0
0.63,0.005,136.5,650.0,600,50.0,0.08
0.63,0.006,126.5,722.86,600,122.86,0.2
0.63,0.006,136.5,780.0,600,180.0,0.3
0.63,0.007,126.5,843.33,600,243.33,0.41
0.63,0.007,136.5,910.0,600,310.0,0.52
0.63,0.008,126.5,963.81,600,363.81,0.61
0.63,0.008,136.5,1040.0,600,440.0,0.73
0.63,0.009,126.5,1084.29,600,484.29,0.81
0.63,0.009,136.5,1170.0,600,570.0,0.95
0.63,0.01,126.5,1204.76,600,604.76,1.01
0.63,0.01,136.5,1300.0,600,700.0,1.17
0.63,0.011,126.5,1325.24,600,725.24,1.21
0.63,0.011,136.5,1430.0,600,830.0,1.38
0.63,0.012,126.5,1445.71,600,845.71,1.41
0.63,0.012,136.5,1560.0,600,960.0,1.6
0.63,0.013,126.5,1566.19,600,966.19,1.61
0.63,0.013,136.5,1690.0,600,1090.0,1.82
0.63,0.014,126.5,1686.67,600,1086.67,1.81
0.63,0.014,136.5,1820.0,600,1220.0,2.03
0.64,0.004,126.5,474.38,600,-125.62,-0.21
0.64,0.004,136.5,511.88,600,-88.12,-0.15
0.64,0.005,126.5,592.97,600,-7.03,-0.01
0.64,0.005,136.5,639.84,600,39.84,0.07
0.64,0.006,126.5,711.56,600,111.56,0.19
0.64,0.006,136.5,767.81,600,167.81,0.28
0.64,0.007,126.5,830.16,600,230.16,0.38
0.64,0.007,136.5,895.78,600,295.78,0.49
0.64,0.008,126.5,948.75,600,348.75,0.58
0.64,0.008,136.5,1023.75,600,423.75,0.71
0.64,0.009,126.5,1067.34,600,467.34,0.78
0.64,0.009,136.5,1151.72,600,551.72,0.92
0.64,0.01,126.5,1185.94,600,585.94,0.98
0.64,0.01,136.5,1279.69,600,679.69,1.13
0.64,0.011,126.5,1304.53,600,704.53,1.17
0.64,0.011,136.5,1407.66,600,807.66,1.35
0.64,0.012,126.5,1423.12,600,823.12,1.37
0.64,0.012,136.5,1535.62,600,935.62,1.56
0.64,0.013,126.5,1541.72,600,941.72,1.57
0.64,0.013,136.5,1663.59,600,1063.59,1.77
0.64,0.014,126.5,1660.31,600,1060.31,1.77
0.64,0.014,136.5,1791.56,600,1191.56,1.99
0.65,0.004,126.5,467.08,600,-132.92,-0.22
0.65,0.004,136.5,504.0,600,-96.0,-0.16
0.65,0.005,126.5,583.85,600,-16.15,-0.03
0.65,0.005,136.5,630.0,600,30.0,0.05
0.65,0.006,126.5,700.62,600,100.62,0.17
0.65,0.006,136.5,756.0,600,156.0,0.26
0.65,0.007,126.5,817.38,600,217.38,0.36
0.65,0.007,136.5,882.0,600,282.0,0.47
0.65,0.008,126.5,934.15,600,334.15,0.56
0.65,0.008,136.5,1008.0,600,408.0,0.68
0.65,0.009,126.5,1050.92,600,450.92,0.75
0.65,0.009,136.5,1134.0,600,534.0,0.89
0.65,0.01,126.5,1167.69,600,567.69,0.95
0.65,0.01,136.5,1260.0,600,660.0,1.1
0.65,0.011,126.5,1284.46,600,684.46,1.14
0.65,0.011,136.5,1386.0,600,786.0,1.31
0.65,0.012,126.5,1401.23,600,801.23,1.34
0.65,0.012,136.5,1512.0,600,912.0,1.52
0.65,0.013,126.5,1518.0,600,918.0,1.53
0.65,0.013,136.5,1638.0,600,1038.0,1.73
0.65,0.014,126.5,1634.77,600,1034.77,1.72
0.65,0.014,136.5,1764.0,600,1164.0,1.94
0.66,0.004,126.5,460.0,600,-140.0,-0.23
0.66,0.004,136.5,496.36,600,-103.64,-0.17
0.66,0.005,126.5,575.0,600,-25.0,-0.04
0.66,0.005,136.5,620.45,600,20.45,0.03
0.66,0.006,126.5,690.0,600,90.0,0.15
0.66,0.006,136.5,744.55,600,144.55,0.24
0.66,0.007,126.5,805.0,600,205.0,0.34
0.66,0.007,136.5,868.64,600,268.64,0.45
0.66,0.008,126.5,920.0,600,320.0,0.53
0.66,0.008,136.5,992.73,600,392.73,0.65
0.66,0.009,126.5,1035.0,600,435.0,0.72
0.66,0.009,136.5,1116.82,600,516.82,0.86
0.66,0.01,126.5,1150.0,600,550.0,0.92
0.66,0.01,136.5,1240.91,600,640.91,1.07
0.66,0.011,126.5,1265.0,600,665.0,1.11
0.66,0.011,136.5,1365.0,600,765.0,1.27
0.66,0.012,126.5,1380.0,600,780.0,1.3
0.66,0.012,136.5,1489.09,600,889.09,1.48
0.66,0.013,126.5,1495.0,600,895.0,1.49
0.66,0.013,136.5,1613.18,600,1013.18,1.69
0.66,0.014,126.5,1610.0,600,1010.0,1.68
0.66,0.014,136.5,1737.27,600,1137.27,1.9
0.67,0.004,126.5,453.13,600,-146.87,-0.24
0.67,0.004,136.5,488.96,600,-111.04,-0.19
0.67,0.005,126.5,566.42,600,-33.58,-0.06
0.67,0.005,136.5,611.19,600,11.19,0.02
0.67,0.006,126.5,679.7,600,79.7,0.13
0.67,0.006,136.5,733.43,600,133.43,0.22
0.67,0.007,126.5,792.99,600,192.99,0.32
0.67,0.007,136.5,855.67,600,255.67,0.43
0.67,0.008,126.5,906.27,600,306.27,0.51
0.67,0.008,136.5,977.91,600,377.91,0.63
0.67,0.009,126.5,1019.55,600,419.55,0.7
0.67,0.009,136.5,1100.15,600,500.15,0.83
0.67,0.01,126.5,1132.84,600,532.84,0.89
0.67,0.01,136.5,1222.39,600,622.39,1.04
0.67,0.011,126.5,1246.12,600,646.12,1.08
0.67,0.011,136.5,1344.63,600,744.63,1.24
0.67,0.012,126.5,1359.4,600,759.4,1.27
0.67,0.012,136.5,1466.87,600,866.87,1.44
0.67,0.013,126.5,1472.69,600,872.69,1.45
0.67,0.013,136.5,1589.1,600,989.1,1.65
0.67,0.014,126.5,1585.97,600,985.97,1.64
0.67,0.014,136.5,1711.34,600,1111.34,1.85
0.68,0.004,126.5,446.47,600,-153.53,-0.26
0.68,0.004,136.5,481.76,600,-118.24,-0.2
0.68,0.005,126.5,558.09,600,-41.91,-0.07
0.68,0.005,136.5,602.21,600,2.21,0.0
0.68,0.006,126.5,669.71,600,69.71,0.12
0.68,0.006,136.5,722.65,600,122.65,0.2
0.68,0.007,126.5,781.32,600,181.32,0.3
0.68,0.007,136.5,843.09,600,243.09,0.41
0.68,0.008,126.5,892.94,600,292.94,0.49
0.68,0.008,136.5,963.53,600,363.53,0.61
0.68,0.009,126.5,1004.56,600,404.56,0.67
0.68,0.009,136.5,1083.97,600,483.97,0.81
0.68,0.01,126.5,1116.18,600,516.18,0.86
0.68,0.01,136.5,1204.41,600,604.41,1.01
0.68,0.011,126.5,1227.79,600,627.79,1.05
0.68,0.011,136.5,1324.85,600,724.85,1.21
0.68,0.012,126.5,1339.41,600,739.41,1.23
0.68,0.012,136.5,1445.29,600,845.29,1.41
0.68,0.013,126.5,1451.03,600,851.03,1.42
0.68,0.013,136.5,1565.74,600,965.74,1.61
0.68,0.014,126.5,1562.65,600,962.65,1.6
0.68,0.014,136.5,1686.18,600,1086.18,1.81
0.69,0.004,126.5,440.0,600,-160.0,-0.27
0.69,0.004,136.5,474.78,600,-125.22,-0.21
0.69,0.005,126.5,550.0,600,-50.0,-0.08
0.69,0.005,136.5,593.48,600,-6.52,-0.01
0.69,0.006,126.5,660.0,600,60.0,0.1
0.69,0.006,136.5,712.17,600,112.17,0.19
0.69,0.007,126.5,770.0,600,170.0,0.28
0.69,0.007,136.5,830.87,600,230.87,0.38
0.69,0.008,126.5,880.0,600,280.0,0.47
0.69,0.008,136.5,949.57,600,349.57,0.58
0.69,0.009,126.5,990.0,600,390.0,0.65
0.69,0.009,136.5,1068.26,600,468.26,0.78
0.69,0.01,126.5,1100.0,600,500.0,0.83
0.69,0.01,136.5,1186.96,600,586.96,0.98
0.69,0.011,126.5,1210.0,600,610.0,1.02
0.69,0.011,136.5,1305.65,600,705.65,1.18
0.69,0.012,126.5,1320.0,600,720.0,1.2
0.69,0.012,136.5,1424.35,600,824.35,1.37
0.69,0.013,126.5,1430.0,600,830.0,1.38
0.69,0.013,136.5,1543.04,600,943.04,1.57
0.69,0.014,126.5,1540.0,600,940.0,1.57
0.69,0.014,136.5,1661.74,600,1061.74,1.77
0.7,0.004,126.5,433.71,600,-166.29,-0.28
0.7,0.004,136.5,468.0,600,-132.0,-0.22
0.7,0.005,126.5,542.14,600,-57.86,-0.1
0.7,0.005,136.5,585.0,600,-15.0,-0.03
0.7,0.006,126.5,650.57,600,50.57,0.08
0.7,0.006,136.5,702.0,600,102.0,0.17
0.7,0.007,126.5,759.0,600,159.0,0.27
0.7,0.007,136.5,819.0,600,219.0,0.36
0.7,0.008,126.5,867.43,600,267.43,0.45
0.7,0.008,136.5,936.0,600,336.0,0.56
0.7,0.009,126.5,975.86,600,375.86,0.63
0.7,0.009,136.5,1053.0,600,453.0,0.76
0.7,0.01,126.5,1084.29,600,484.29,0.81
0.7,0.01,136.5,1170.0,600,570.0,0.95
0.7,0.011,126.5,1192.71,600,592.71,0.99
0.7,0.011,136.5,1287.0,600,687.0,1.15
0.7,0.012,126.5,1301.14,600,701.14,1.17
0.7,0.012,136.5,1404.0,600,804.0,1.34
0.7,0.013,126.5,1409.57,600,809.57,1.35
0.7,0.013,136.5,1521.0,600,921.0,1.53
0.7,0.014,126.5,1518.0,600,918.0,1.53
0.7,0.014,136.5,1638.0,600,1038.0,1.73
0.71,0.004,126.5,427.61,600,-172.39,-0.29
0.71,0.004,136.5,461.41,600,-138.59,-0.23
0.71,0.005,126.5,534.51,600,-65.49,-0.11
0.71,0.005,136.5,576.76,600,-23.24,-0.04
0.71,0.006,126.5,641.41,600,41.41,0.07
0.71,0.006,136.5,692.11,600,92.11,0.15
0.71,0.007,126.5,748.31,600,148.31,0.25
0.71,0.007,136.5,807.46,600,207.46,0.35
0.71,0.008,126.5,855.21,600,255.21,0.43
0.71,0.008,136.5,922.82,600,322.82,0.54
0.71,0.009,126.5,962.11,600,362.11,0.6
0.71,0.009,136.5,1038.17,600,438.17,0.73
0.71,0.01,126.5,1069.01,600,469.01,0.78
0.71,0.01,136.5,1153.52,600,553.52,0.92
0.71,0.011,126.5,1175.92,600,575.92,0.96
0.71,0.011,136.5,1268.87,600,668.87,1.11
0.71,0.012,126.5,1282.82,600,682.82,1.14
0.71,0.012,136.5,1384.23,600,784.23,1.31
0.71,0.013,126.5,1389.72,600,789.72,1.32
0.71,0.013,136.5,1499.58,600,899.58,1.5
0.71,0.014,126.5,1496.62,600,896.62,1.49
0.71,0.014,136.5,1614.93,600,1014.93,1.69
0.72,0.004,126.5,421.67,600,-178.33,-0.3
0.72,0.004,136.5,455.0,600,-145.0,-0.24
0.72,0.005,126.5,527.08,600,-72.92,-0.12
0.72,0.005,136.5,568.75,600,-31.25,-0.05
0.72,0.006,126.5,632.5,600,32.5,0.05
0.72,0.006,136.5,682.5,600,82.5,0.14
0.72,0.007,126.5,737.92,600,137.92,0.23
0.72,0.007,136.5,796.25,600,196.25,0.33
0.72,0.008,126.5,843.33,600,243.33,0.41
0.72,0.008,136.5,910.0,600,310.0,0.52
0.72,0.009,126.5,948.75,600,348.75,0.58
0.72,0.009,136.5,1023.75,600,423.75,0.71
0.72,0.01,126.5,1054.17,600,454.17,0.76
0.72,0.01,136.5,1137.5,600,537.5,0.9
0.72,0.011,126.5,1159.58,600,559.58,0.93
0.72,0.011,136.5,1251.25,600,651.25,1.09
0.72,0.012,126.5,1265.0,600,665.0,1.11
0.72,0.012,136.5,1365.0,600,765.0,1.27
0.72,0.013,126.5,1370.42,600,770.42,1.28
0.72,0.013,136.5,1478.75,600,878.75,1.46
0.72,0.014,126.5,1475.83,600,875.83,1.46
0.72,0.014,136.5,1592.5,600,992.5,1.65
0.73,0.004,126.5,415.89,600,-184.11,-0.31
0.73,0.004,136.5,448.77,600,-151.23,-0.25
0.73,0.005,126.5,519.86,600,-80.14,-0.13
0.73,0.005,136.5,560.96,600,-39.04,-0.07
0.73,0.006,126.5,623.84,600,23.84,0.04
0.73,0.006,136.5,673.15,600,73.15,0.12
0.73,0.007,126.5,727.81,600,127.81,0.21
0.73,0.007,136.5,785.34,600,185.34,0.31
0.73,0.008,126.5,831.78,600,231.78,0.39
0.73,0.008,136.5,897.53,600,297.53,0.5
0.73,0.009,126.5,935.75,600,335.75,0.56
0.73,0.009,136.5,1009.73,600,409.73,0.68
0.73,0.01,126.5,1039.73,600,439.73,0.73
0.73,0.01,136.5,1121.92,600,521.92,0.87
0.73,0.011,126.5,1143.7,600,543.7,0.91
0.73,0.011,136.5,1234.11,600,634.11,1.06
0.73,0.012,126.5,1247.67,600,647.67,1.08
0.73,0.012,136.5,1346.3,600,746.3,1.24
0.73,0.013,126.5,1351.64,600,751.64,1.25
0.73,0.013,136.5,1458.49,600,858.49,1.43
0.73,0.014,126.5,1455.62,600,855.62,1.43
0.73,0.014,136.5,1570.68,600,970.68,1.62
0.74,0.004,126.5,410.27,600,-189.73,-0.32
0.74,0.004,136.5,442.7,600,-157.3,-0.26
0.74,0.005,126.5,512.84,600,-87.16,-0.15
0.74,0.005,136.5,553.38,600,-46.62,-0.08
0.74,0.006,126.5,615.41,600,15.41,0.03
0.74,0.006,136.5,664.05,600,64.05,0.11
0.74,0.007,126.5,717.97,600,117.97,0.2
0.74,0.007,136.5,774.73,600,174.73,0.29
0.74,0.008,126.5,820.54,600,220.54,0.37
0.74,0.008,136.5,885.41,600,285.41,0.48
0.74,0.009,126.5,923.11,600,323.11,0.54
0.74,0.009,136.5,996.08,600,396.08,0.66
0.74,0.01,126.5,1025.68,600,425.68,0.71
0.74,0.01,136.5,1106.76,600,506.76,0.84
0.74,0.011,126.5,1128.24,600,528.24,0.88
0.74,0.011,136.5,1217.43,600,617.43,1.03
0.74,0.012,126.5,1230.81,600,630.81,1.05
0.74,0.012,136.5,1328.11,600,728.11,1.21
0.74,0.013,126.5,1333.38,600,733.38,1.22
0.74,0.013,136.5,1438.78,600,838.78,1.4
0.74,0.014,126.5,1435.95,600,835.95,1.39
0.74,0.014,136.5,1549.46,600,949.46,1.58
0.75,0.004,126.5,404.8,600,-195.2,-0.33
0.75,0.004,136.5,436.8,600,-163.2,-0.27
0.75,0.005,126.5,506.0,600,-94.0,-0.16
0.75,0.005,136.5,546.0,600,-54.0,-0.09
0.75,0.006,126.5,607.2,600,7.2,0.01
0.75,0.006,136.5,655.2,600,55.2,0.09
0.75,0.007,126.5,708.4,600,108.4,0.18
0.75,0.007,136.5,764.4,600,164.4,0.27
0.75,0.008,126.5,809.6,600,209.6,0.35
0.75,0.008,136.5,873.6,600,273.6,0.46
0.75,0.009,126.5,910.8,600,310.8,0.52
0.75,0.009,136.5,982.8,600,382.8,0.64
0.75,0.01,126.5,1012.0,600,412.0,0.69
0.75,0.01,136.5,1092.0,600,492.0,0.82
0.75,0.011,126.5,1113.2,600,513.2,0.86
0.75,0.011,136.5,1201.2,600,601.2,1.0
0.75,0.012,126.5,1214.4,600,614.4,1.02
0.75,0.012,136.5,1310.4,600,710.4,1.18
0.75,0.013,126.5,1315.6,600,715.6,1.19
0.75,0.013,136.5,1419.6,600,819.6,1.37
0.75,0.014,126.5,1416.8,600,816.8,1.36
0.75,0.014,136.5,1528.8,600,928.8,1.55
0.76,0.004,126.5,399.47,600,-200.53,-0.33
0.76,0.004,136.5,431.05,600,-168.95,-0.28
0.76,0.005,126.5,499.34,600,-100.66,-0.17
0.76,0.005,136.5,538.82,600,-61.18,-0.1
0.76,0.006,126.5,599.21,600,-0.79,-0.0
0.76,0.006,136.5,646.58,600,46.58,0.08
0.76,0.007,126.5,699.08,600,99.08,0.17
0.76,0.007,136.5,754.34,600,154.34,0.26
0.76,0.008,126.5,798.95,600,198.95,0.33
0.76,0.008,136.5,862.11,600,262.11,0.44
0.76,0.009,126.5,898.82,600,298.82,0.5
0.76,0.009,136.5,969.87,600,369.87,0.62
0.76,0.01,126.5,998.68,600,398.68,0.66
0.76,0.01,136.5,1077.63,600,477.63,0.8
0.76,0.011,126.5,1098.55,600,498.55,0.83
0.76,0.011,136.5,1185.39,600,585.39,0.98
0.76,0.012,126.5,1198.42,600,598.42,1.0
0.76,0.012,136.5,1293.16,600,693.16,1.16
0.76,0.013,126.5,1298.29,600,698.29,1.16
0.76,0.013,136.5,1400.92,600,800.92,1.33
0.76,0.014,126.5,1398.16,600,798.16,1.33
0.76,0.014,136.5,1508.68,600,908.68,1.51
0.77,0.004,126.5,394.29,600,-205.71,-0.34
0.77,0.004,136.5,425.45,600,-174.55,-0.29
0.77,0.005,126.5,492.86,600,-107.14,-0.18
0.77,0.005,136.5,531.82,600,-68.18,-0.11
0.77,0.006,126.5,591.43,600,-8.57,-0.01
0.77,0.006,136.5,638.18,600,38.18,0.06
0.77,0.007,126.5,690.0,600,90.0,0.15
0.77,0.007,136.5,744.55,600,144.55,0.24
0.77,0.008,126.5,788.57,600,188.57,0.31
0.77,0.008,136.5,850.91,600,250.91,0.42
0.77,0.009,126.5,887.14,600,287.14,0.48
0.77,0.009,136.5,957.27,600,357.27,0.6
0.77,0.01,126.5,985.71,600,385.71,0.64
0.77,0.01,136.5,1063.64,600,463.64,0.77
0.77,0.011,126.5,1084.29,600,484.29,0.81
0.77,0.011,136.5,1170.0,600,570.0,0.95
0.77,0.012,126.5,1182.86,600,582.86,0.97
0.77,0.012,136.5,1276.36,600,676.36,1.13
0.77,0.013,126.5,1281.43,600,681.43,1.14
0.77,0.013,136.5,1382.73,600,782.73,1.3
0.77,0.014,126.5,1380.0,600,780.0,1.3
0.77,0.014,136.5,1489.09,600,889.09,1.48
0.78,0.004,126.5,389.23,600,-210.77,-0.35
0.78,0.004,136.5,420.0,600,-180.0,-0.3
0.78,0.005,126.5,486.54,600,-113.46,-0.19
0.78,0.005,136.5,525.0,600,-75.0,-0.12
0.78,0.006,126.5,583.85,600,-16.15,-0.03
0.78,0.006,136.5,630.0,600,30.0,0.05
0.78,0.007,126.5,681.15,600,81.15,0.14
0.78,0.007,136.5,735.0,600,135.0,0.23
0.78,0.008,126.5,778.46,600,178.46,0.3
0.78,0.008,136.5,840.0,600,240.0,0.4
0.78,0.009,126.5,875.77,600,275.77,0.46
0.78,0.009,136.5,945.0,600,345.0,0.57
0.78,0.01,126.5,973.08,600,373.08,0.62
0.78,0.01,136.5,1050.0,600,450.0,0.75
0.78,0.011,126.5,1070.38,600,470.38,0.78
0.78,0.011,136.5,1155.0,600,555.0,0.93
0.78,0.012,126.5,1167.69,600,567.69,0.95
0.78,0.012,136.5,1260.0,600,660.0,1.1
0.78,0.013,126.5,1265.0,600,665.0,1.11
0.78,0.013,136.5,1365.0,600,765.0,1.27
0.78,0.014,126.5,1362.31,600,762.31,1.27
0.78,0.014,136.5,1470.0,600,870.0,1.45
0.79,0.004,126.5,384.3,600,-215.7,-0.36
0.79,0.004,136.5,414.68,600,-185.32,-0.31
0.79,0.005,126.5,480.38,600,-119.62,-0.2
0.79,0.005,136.5,518.35,600,-81.65,-0.14
0.79,0.006,126.5,576.46,600,-23.54,-0.04
0.79,0.006,136.5,622.03,600,22.03,0.04
0.79,0.007,126.5,672.53,600,72.53,0.12
0.79,0.007,136.5,725.7,600,125.7,0.21
0.79,0.008,126.5,768.61,600,168.61,0.28
0.79,0.008,136.5,829.37,600,229.37,0.38
0.79,0.009,126.5,864.68,600,264.68,0.44
0.79,0.009,136.5,933.04,600,333.04,0.56
0.79,0.01,126.5,960.76,600,360.76,0.6
0.79,0.01,136.5,1036.71,600,436.71,0.73
0.79,0.011,126.5,1056.84,600,456.84,0.76
0.79,0.011,136.5,1140.38,600,540.38,0.9
0.79,0.012,126.5,1152.91,600,552.91,0.92
0.79,0.012,136.5,1244.05,600,644.05,1.07
0.79,0.013,126.5,1248.99,600,648.99,1.08
0.79,0.013,136.5,1347.72,600,747.72,1.25
0.79,0.014,126.5,1345.06,600,745.06,1.24
0.79,0.014,136.5,1451.39,600,851.39,1.42
0.8,0.004,126.5,379.5,600,-220.5,-0.37
0.8,0.004,136.5,409.5,600,-190.5,-0.32
0.8,0.005,126.5,474.38,600,-125.62,-0.21
0.8,0.005,136.5,511.88,600,-88.12,-0.15
0.8,0.006,126.5,569.25,600,-30.75,-0.05
0.8,0.006,136.5,614.25,600,14.25,0.02
0.8,0.007,126.5,664.12,600,64.12,0.11
0.8,0.007,136.5,716.62,600,116.62,0.19
0.8,0.008,126.5,759.0,600,159.0,0.27
0.8,0.008,136.5,819.0,600,219.0,0.36
0.8,0.009,126.5,853.87,600,253.87,0.42
0.8,0.009,136.5,921.37,600,321.37,0.54
0.8,0.01,126.5,948.75,600,348.75,0.58
0.8,0.01,136.5,1023.75,600,423.75,0.71
0.8,0.011,126.5,1043.62,600,443.62,0.74
0.8,0.011,136.5,1126.12,600,526.12,0.88
0.8,0.012,126.5,1138.5,600,538.5,0.9
0.8,0.012,136.5,1228.5,600,628.5,1.05
0.8,0.013,126.5,1233.38,600,633.38,1.06
0.8,0.013,136.5,1330.88,600,730.88,1.22
0.8,0.014,126.5,1328.25,600,728.25,1.21
0.8,0.014,136.5,1433.25,600,833.25,1.39
0.81,0.004,126.5,374.81,600,-225.19,-0.38
0.81,0.004,136.5,404.44,600,-195.56,-0.33
0.81,0.005,126.5,468.52,600,-131.48,-0.22
0.81,0.005,136.5,505.56,600,-94.44,-0.16
0.81,0.006,126.5,562.22,600,-37.78,-0.06
0.81,0.006,136.5,606.67,600,6.67,0.01
0.81,0.007,126.5,655.93,600,55.93,0.09
0.81,0.007,136.5,707.78,600,107.78,0.18
0.81,0.008,126.5,749.63,600,149.63,0.25
0.81,0.008,136.5,808.89,600,208.89,0.35
0.81,0.009,126.5,843.33,600,243.33,0.41
0.81,0.009,136.5,910.0,600,310.0,0.52
0.81,0.01,126.5,937.04,600,337.04,0.56
0.81,0.01,136.5,1011.11,600,411.11,0.69
0.81,0.011,126.5,1030.74,600,430.74,0.72
0.81,0.011,136.5,1112.22,600,512.22,0.85
0.81,0.012,126.5,1124.44,600,524.44,0.87
0.81,0.012,136.5,1213.33,600,613.33,1.02
0.81,0.013,126.5,1218.15,600,618.15,1.03
0.81,0.013,136.5,1314.44,600,714.44,1.19
0.81,0.014,126.5,1311.85,600,711.85,1.19
0.81,0.014,136.5,1415.56,600,815.56,1.36
0.82,0.004,126.5,370.24,600,-229.76,-0.38
0.82,0.004,136.5,399.51,600,-200.49,-0.33
0.82,0.005,126.5,462.8,600,-137.2,-0.23
0.82,0.005,136.5,499.39,600,-100.61,-0.17
0.82,0.006,126.5,555.37,600,-44.63,-0.07
0.82,0.006,136.5,599.27,600,-0.73,-0.0
0.82,0.007,126.5,647.93,600,47.93,0.08
0.82,0.007,136.5,699.15,600,99.15,0.17
0.82,0.008,126.5,740.49,600,140.49,0.23
0.82,0.008,136.5,799.02,600,199.02,0.33
0.82,0.009,126.5,833.05,600,233.05,0.39
0.82,0.009,136.5,898.9,600,298.9,0.5
0.82,0.01,126.5,925.61,600,325.61,0.54
0.82,0.01,136.5,998.78,600,398.78,0.66
0.82,0.011,126.5,1018.17,600,418.17,0.7
0.82,0.011,136.5,1098.66,600,498.66,0.83
0.82,0.012,126.5,1110.73,600,510.73,0.85
0.82,0.012,136.5,1198.54,600,598.54,1.0
0.82,0.013,126.5,1203.29,600,603.29,1.01
0.82,0.013,136.5,1298.41,600,698.41,1.16
0.82,0.014,126.5,1295.85,600,695.85,1.16
0.82,0.014,136.5,1398.29,600,798.29,1.33
0.83,0.004,126.5,365.78,600,-234.22,-0.39
0.83,0.004,136.5,394.7,600,-205.3,-0.34
0.83,0.005,126.5,457.23,600,-142.77,-0.24
0.83,0.005,136.5,493.37,600,-106.63,-0.18
0.83,0.006,126.5,548.67,600,-51.33,-0.09
0.83,0.006,136.5,592.05,600,-7.95,-0.01
0.83,0.007,126.5,640.12,600,40.12,0.07
0.83,0.007,136.5,690.72,600,90.72,0.15
0.83,0.008,126.5,731.57,600,131.57,0.22
0.83,0.008,136.5,789.4,600,189.4,0.32
0.83,0.009,126.5,823.01,600,223.01,0.37
0.83,0.009,136.5,888.07,600,288.07,0.48
0.83,0.01,126.5,914.46,600,314.46,0.52
0.83,0.01,136.5,986.75,600,386.75,0.64
0.83,0.011,126.5,1005.9,600,405.9,0.68
0.83,0.011,136.5,1085.42,600,485.42,0.81
0.83,0.012,126.5,1097.35,600,497.35,0.83
0.83,0.012,136.5,1184.1,600,584.1,0.97
0.83,0.013,126.5,1188.8,600,588.8,0.98
0.83,0.013,136.5,1282.77,600,682.77,1.14
0.83,0.014,126.5,1280.24,600,680.24,1.13
0.83,0.014,136.5,1381.45,600,781.45,1.3
0.84,0.004,126.5,361.43,600,-238.57,-0.4
0.84,0.004,136.5,390.0,600,-210.0,-0.35
0.84,0.005,126.5,451.79,600,-148.21,-0.25
0.84,0.005,136.5,487.5,600,-112.5,-0.19
0.84,0.006,126.5,542.14,600,-57.86,-0.1
0.84,0.006,136.5,585.0,600,-15.0,-0.03
0.84,0.007,126.5,632.5,600,32.5,0.05
0.84,0.007,136.5,682.5,600,82.5,0.14
0.84,0.008,126.5,722.86,600,122.86,0.2
0.84,0.008,136.5,780.0,600,180.0,0.3
0.84,0.009,126.5,813.21,600,213.21,0.36
0.84,0.009,136.5,877.5,600,277.5,0.46
0.84,0.01,126.5,903.57,600,303.57,0.51
0.84,0.01,136.5,975.0,600,375.0,0.62
0.84,0.011,126.5,993.93,600,393.93,0.66
0.84,0.011,136.5,1072.5,600,472.5,0.79
0.84,0.012,126.5,1084.29,600,484.29,0.81
0.84,0.012,136.5,1170.0,600,570.0,0.95
0.84,0.013,126.5,1174.64,600,574.64,0.96
0.84,0.013,136.5,1267.5,600,667.5,1.11
0.84,0.014,126.5,1265.0,600,665.0,1.11
0.84,0.014,136.5,1365.0,600,765.0,1.27
0.85,0.004,126.5,357.18,600,-242.82,-0.4
0.85,0.004,136.5,385.41,600,-214.59,-0.36
0.85,0.005,126.5,446.47,600,-153.53,-0.26
0.85,0.005,136.5,481.76,600,-118.24,-0.2
0.85,0.006,126.5,535.76,600,-64.24,-0.11
0.85,0.006,136.5,578.12,600,-21.88,-0.04
0.85,0.007,126.5,625.06,600,25.06,0.04
0.85,0.007,136.5,674.47,600,74.47,0.12
0.85,0.008,126.5,714.35,600,114.35,0.19
0.85,0.008,136.5,770.82,600,170.82,0.28
0.85,0.009,126.5,803.65,600,203.65,0.34
0.85,0.009,136.5,867.18,600,267.18,0.45
0.85,0.01,126.5,892.94,600,292.94,0.49
0.85,0.01,136.5,963.53,600,363.53,0.61
0.85,0.011,126.5,982.24,600,382.24,0.64
0.85,0.011,136.5,1059.88,600,459.88,0.77
0.85,0.012,126.5,1071.53,600,471.53,0.79
0.85,0.012,136.5,1156.24,600,556.24,0.93
0.85,0.013,126.5,1160.82,600,560.82,0.93
0.85,0.013,136.5,1252.59,600,652.59,1.09
0.85,0.014,126.5,1250.12,600,650.12,1.08
0.85,0.014,136.5,1348.94,600,748.94,1.25
0.86,0.004,126.5,353.02,600,-246.98,-0.41
0.86,0.004,136.5,380.93,600,-219.07,-0.37
0.86,0.005,126.5,441.28,600,-158.72,-0.26
0.86,0.005,136.5,476.16,600,-123.84,-0.21
0.86,0.006,126.5,529.53,600,-70.47,-0.12
0.86,0.006,136.5,571.4,600,-28.6,-0.05
0.86,0.007,126.5,617.79,600,17.79,0.03
0.86,0.007,136.5,666.63,600,66.63,0.11
0.86,0.008,126.5,706.05,600,106.05,0.18
0.86,0.008,136.5,761.86,600,161.86,0.27
0.86,0.009,126.5,794.3,600,194.3,0.32
0.86,0.009,136.5,857.09,600,257.09,0.43
0.86,0.01,126.5,882.56,600,282.56,0.47
0.86,0.01,136.5,952.33,600,352.33,0.59
0.86,0.011,126.5,970.81,600,370.81,0.62
0.86,0.011,136.5,1047.56,600,447.56,0.75
0.86,0.012,126.5,1059.07,600,459.07,0.77
0.86,0.012,136.5,1142.79,600,542.79,0.9
0.86,0.013,126.5,1147.33,600,547.33,0.91
0.86,0.013,136.5,1238.02,600,638.02,1.06
0.86,0.014,126.5,1235.58,600,635.58,1.06
0.86,0.014,136.5,1333.26,600,733.26,1.22
0.87,0.004,126.5,348.97,600,-251.03,-0.42
0.87,0.004,136.5,376.55,600,-223.45,-0.37
0.87,0.005,126.5,436.21,600,-163.79,-0.27
0.87,0.005,136.5,470.69,600,-129.31,-0.22
0.87,0.006,126.5,523.45,600,-76.55,-0.13
0.87,0.006,136.5,564.83,600,-35.17,-0.06
0.87,0.007,126.5,610.69,600,10.69,0.02
0.87,0.007,136.5,658.97,600,58.97,0.1
0.87,0.008,126.5,697.93,600,97.93,0.16
0.87,0.008,136.5,753.1,600,153.1,0.26
0.87,0.009,126.5,785.17,600,185.17,0.31
0.87,0.009,136.5,847.24,600,247.24,0.41
0.87,0.01,126.5,872.41,600,272.41,0.45
0.87,0.01,136.5,941.38,600,341.38,0.57
0.87,0.011,126.5,959.66,600,359.66,0.6
0.87,0.011,136.5,1035.52,600,435.52,0.73
0.87,0.012,126.5,1046.9,600,446.9,0.74
0.87,0.012,136.5,1129.66,600,529.66,0.88
0.87,0.013,126.5,1134.14,600,534.14,0.89
0.87,0.013,136.5,1223.79,600,623.79,1.04
0.87,0.014,126.5,1221.38,600,621.38,1.04
0.87,0.014,136.5,1317.93,600,717.93,1.2
0.88,0.004,126.5,345.0,600,-255.0,-0.42
0.88,0.004,136.5,372.27,600,-227.73,-0.38
0.88,0.005,126.5,431.25,600,-168.75,-0.28
0.88,0.005,136.5,465.34,600,-134.66,-0.22
0.88,0.006,126.5,517.5,600,-82.5,-0.14
0.88,0.006,136.5,558.41,600,-41.59,-0.07
0.88,0.007,126.5,603.75,600,3.75,0.01
0.88,0.007,136.5,651.48,600,51.48,0.09
0.88,0.008,126.5,690.0,600,90.0,0.15
0.88,0.008,136.5,744.55,600,144.55,0.24
0.88,0.009,126.5,776.25,600,176.25,0.29
0.88,0.009,136.5,837.61,600,237.61,0.4
0.88,0.01,126.5,862.5,600,262.5,0.44
0.88,0.01,136.5,930.68,600,330.68,0.55
0.88,0.011,126.5,948.75,600,348.75,0.58
0.88,0.011,136.5,1023.75,600,423.75,0.71
0.88,0.012,126.5,1035.0,600,435.0,0.72
0.88,0.012,136.5,1116.82,600,516.82,0.86
0.88,0.013,126.5,1121.25,600,521.25,0.87
0.88,0.013,136.5,1209.89,600,609.89,1.02
0.88,0.014,126.5,1207.5,600,607.5,1.01
0.88,0.014,136.5,1302.95,600,702.95,1.17
0.89,0.004,126.5,341.12,600,-258.88,-0.43
0.89,0.004,136.5,368.09,600,-231.91,-0.39
0.89,0.005,126.5,426.4,600,-173.6,-0.29
0.89,0.005,136.5,460.11,600,-139.89,-0.23
0.89,0.006,126.5,511.69,600,-88.31,-0.15
0.89,0.006,136.5,552.13,600,-47.87,-0.08
0.89,0.007,126.5,596.97,600,-3.03,-0.01
0.89,0.007,136.5,644.16,600,44.16,0.07
0.89,0.008,126.5,682.25,600,82.25,0.14
0.89,0.008,136.5,736.18,600,136.18,0.23
0.89,0.009,126.5,767.53,600,167.53,0.28
0.89,0.009,136.5,828.2,600,228.2,0.38
0.89,0.01,126.5,852.81,600,252.81,0.42
0.89,0.01,136.5,920.22,600,320.22,0.53
0.89,0.011,126.5,938.09,600,338.09,0.56
0.89,0.011,136.5,1012.25,600,412.25,0.69
0.89,0.012,126.5,1023.37,600,423.37,0.71
0.89,0.012,136.5,1104.27,600,504.27,0.84
0.89,0.013,126.5,1108.65,600,508.65,0.85
0.89,0.013,136.5,1196.29,600,596.29,0.99
0.89,0.014,126.5,1193.93,600,593.93,0.99
0.89,0.014,136.5,1288.31,600,688.31,1.15
0.9,0.004,126.5,337.33,600,-262.67,-0.44
0.9,0.004,136.5,364.0,600,-236.0,-0.39
0.9,0.005,126.5,421.67,600,-178.33,-0.3
0.9,0.005,136.5,455.0,600,-145.0,-0.24
0.9,0.006,126.5,506.0,600,-94.0,-0.16
0.9,0.006,136.5,546.0,600,-54.0,-0.09
0.9,0.007,126.5,590.33,600,-9.67,-0.02
0.9,0.007,136.5,637.0,600,37.0,0.06
0.9,0.008,126.5,674.67,600,74.67,0.12
0.9,0.008,136.5,728.0,600,128.0,0.21
0.9,0.009,126.5,759.0,600,159.0,0.27
0.9,0.009,136.5,819.0,600,219.0,0.36
0.9,0.01,126.5,843.33,600,243.33,0.41
0.9,0.01,136.5,910.0,600,310.0,0.52
0.9,0.011,126.5,927.67,600,327.67,0.55
0.9,0.011,136.5,1001.0,600,401.0,0.67
0.9,0.012,126.5,1012.0,600,412.0,0.69
0.9,0.012,136.5,1092.0,600,492.0,0.82
0.9,0.013,126.5,1096.33,600,496.33,0.83
0.9,0.013,136.5,1183.0,600,583.0,0.97
0.9,0.014,126.5,1180.67,600,580.67,0.97
0.9,0.014,136.5,1274.0,600,674.0,1.12
0.91,0.004,126.5,333.63,600,-266.37,-0.44
0.91,0.004,136.5,360.0,600,-240.0,-0.4
0.91,0.005,126.5,417.03,600,-182.97,-0.3
0.91,0.005,136.5,450.0,600,-150.0,-0.25
0.91,0.006,126.5,500.44,600,-99.56,-0.17
0.91,0.006,136.5,540.0,600,-60.0,-0.1
0.91,0.007,126.5,583.85,600,-16.15,-0.03
0.91,0.007,136.5,630.0,600,30.0,0.05
0.91,0.008,126.5,667.25,600,67.25,0.11
0.91,0.008,136.5,720.0,600,120.0,0.2
0.91,0.009,126.5,750.66,600,150.66,0.25
0.91,0.009,136.5,810.0,600,210.0,0.35
0.91,0.01,126.5,834.07,600,234.07,0.39
0.91,0.01,136.5,900.0,600,300.0,0.5
0.91,0.011,126.5,917.47,600,317.47,0.53
0.91,0.011,136.5,990.0,600,390.0,0.65
0.91,0.012,126.5,1000.88,600,400.88,0.67
0.91,0.012,136.5,1080.0,600,480.0,0.8
0.91,0.013,126.5,1084.29,600,484.29,0.81
0.91,0.013,136.5,1170.0,600,570.0,0.95
0.91,0.014,126.5,1167.69,600,567.69,0.95
0.91,0.014,136.5,1260.0,600,660.0,1.1
0.92,0.004,126.5,330.0,600,-270.0,-0.45
0.92,0.004,136.5,356.09,600,-243.91,-0.41
0.92,0.005,126.5,412.5,600,-187.5,-0.31
0.92,0.005,136.5,445.11,600,-154.89,-0.26
0.92,0.006,126.5,495.0,600,-105.0,-0.17
0.92,0.006,136.5,534.13,600,-65.87,-0.11
0.92,0.007,126.5,577.5,600,-22.5,-0.04
0.92,0.007,136.5,623.15,600,23.15,0.04
0.92,0.008,126.5,660.0,600,60.0,0.1
0.92,0.008,136.5,712.17,600,112.17,0.19
0.92,0.009,126.5,742.5,600,142.5,0.24
0.92,0.009,136.5,801.2,600,201.2,0.34
0.92,0.01,126.5,825.0,600,225.0,0.38
0.92,0.01,136.5,890.22,600,290.22,0.48
0.92,0.011,126.5,907.5,600,307.5,0.51
0.92,0.011,136.5,979.24,600,379.24,0.63
0.92,0.012,126.5,990.0,600,390.0,0.65
0.92,0.012,136.5,1068.26,600,468.26,0.78
0.92,0.013,126.5,1072.5,600,472.5,0.79
0.92,0.013,136.5,1157.28,600,557.28,0.93
0.92,0.014,126.5,1155.0,600,555.0,0.93
0.92,0.014,136.5,1246.3,600,646.3,1.08
0.93,0.004,126.5,326.45,600,-273.55,-0.46
0.93,0.004,136.5,352.26,600,-247.74,-0.41
0.93,0.005,126.5,408.06,600,-191.94,-0.32
0.93,0.005,136.5,440.32,600,-159.68,-0.27
0.93,0.006,126.5,489.68,600,-110.32,-0.18
0.93,0.006,136.5,528.39,600,-71.61,-0.12
0.93,0.007,126.5,571.29,600,-28.71,-0.05
0.93,0.007,136.5,616.45,600,16.45,0.03
0.93,0.008,126.5,652.9,600,52.9,0.09
0.93,0.008,136.5,704.52,600,104.52,0.17
0.93,0.009,126.5,734.52,600,134.52,0.22
0.93,0.009,136.5,792.58,600,192.58,0.32
0.93,0.01,126.5,816.13,600,216.13,0.36
0.93,0.01,136.5,880.65,600,280.65,0.47
0.93,0.011,126.5,897.74,600,297.74,0.5
0.93,0.011,136.5,968.71,600,368.71,0.61
0.93,0.012,126.5,979.35,600,379.35,0.63
0.93,0.012,136.5,1056.77,600,456.77,0.76
0.93,0.013,126.5,1060.97,600,460.97,0.77
0.93,0.013,136.5,1144.84,600,544.84,0.91
0.93,0.014,126.5,1142.58,600,542.58,0.9
0.93,0.014,136.5,1232.9,600,632.9,1.05
0.94,0.004,126.5,322.98,600,-277.02,-0.46
0.94,0.004,136.5,348.51,600,-251.49,-0.42
0.94,0.005,126.5,403.72,600,-196.28,-0.33
0.94,0.005,136.5,435.64,600,-164.36,-0.27
0.94,0.006,126.5,484.47,600,-115.53,-0.19
0.94,0.006,136.5,522.77,600,-77.23,-0.13
0.94,0.007,126.5,565.21,600,-34.79,-0.06
0.94,0.007,136.5,609.89,600,9.89,0.02
0.94,0.008,126.5,645.96,600,45.96,0.08
0.94,0.008,136.5,697.02,600,97.02,0.16
0.94,0.009,126.5,726.7,600,126.7,0.21
0.94,0.009,136.5,784.15,600,184.15,0.31
0.94,0.01,126.5,807.45,600,207.45,0.35
0.94,0.01,136.5,871.28,600,271.28,0.45
0.94,0.011,126.5,888.19,600,288.19,0.48
0.94,0.011,136.5,958.4,600,358.4,0.6
0.94,0.012,126.5,968.94,600,368.94,0.61
0.94,0.012,136.5,1045.53,600,445.53,0.74
0.94,0.013,126.5,1049.68,600,449.68,0.75
0.94,0.013,136.5,1132.66,600,532.66,0.89
0.94,0.014,126.5,1130.43,600,530.43,0.88
0.94,0.014,136.5,1219.79,600,619.79,1.03
0.95,0.004,126.5,319.58,600,-280.42,-0.47
0.95,0.004,136.5,344.84,600,-255.16,-0.43
0.95,0.005,126.5,399.47,600,-200.53,-0.33
0.95,0.005,136.5,431.05,600,-168.95,-0.28
0.95,0.006,126.5,479.37,600,-120.63,-0.2
0.95,0.006,136.5,517.26,600,-82.74,-0.14
0.95,0.007,126.5,559.26,600,-40.74,-0.07
0.95,0.007,136.5,603.47,600,3.47,0.01
0.95,0.008,126.5,639.16,600,39.16,0.07
0.95,0.008,136.5,689.68,600,89.68,0.15
0.95,0.009,126.5,719.05,600,119.05,0.2
0.95,0.009,136.5,775.89,600,175.89,0.29
0.95,0.01,126.5,798.95,600,198.95,0.33
0.95,0.01,136.5,862.11,600,262.11,0.44
0.95,0.011,126.5,878.84,600,278.84,0.46
0.95,0.011,136.5,948.32,600,348.32,0.58
0.95,0.012,126.5,958.74,600,358.74,0.6
0.95,0.012,136.5,1034.53,600,434.53,0.72
0.95,0.013,126.5,1038.63,600,438.63,0.73
0.95,0.013,136.5,1120.74,600,520.74,0.87
0.95,0.014,126.5,1118.53,600,518.53,0.86
0.95,0.014,136.5,1206.95,600,606.95,1.01
0.96,0.004,126.5,316.25,600,-283.75,-0.47
0.96,0.004,136.5,341.25,600,-258.75,-0.43
0.96,0.005,126.5,395.31,600,-204.69,-0.34
0.96,0.005,136.5,426.56,600,-173.44,-0.29
0.96,0.006,126.5,474.38,600,-125.62,-0.21
0.96,0.006,136.5,511.88,600,-88.12,-0.15
0.96,0.007,126.5,553.44,600,-46.56,-0.08
0.96,0.007,136.5,597.19,600,-2.81,-0.0
0.96,0.008,126.5,632.5,600,32.5,0.05
0.96,0.008,136.5,682.5,600,82.5,0.14
0.96,0.009,126.5,711.56,600,111.56,0.19
0.96,0.009,136.5,767.81,600,167.81,0.28
0.96,0.01,126.5,790.62,600,190.62,0.32
0.96,0.01,136.5,853.12,600,253.12,0.42
0.96,0.011,126.5,869.69,600,269.69,0.45
0.96,0.011,136.5,938.44,600,338.44,0.56
0.96,0.012,126.5,948.75,600,348.75,0.58
0.96,0.012,136.5,1023.75,600,423.75,0.71
0.96,0.013,126.5,1027.81,600,427.81,0.71
0.96,0.013,136.5,1109.06,600,509.06,0.85
0.96,0.014,126.5,1106.88,600,506.88,0.84
0.96,0.014,136.5,1194.38,600,594.38,0.99
0.97,0.004,126.5,312.99,600,-287.01,-0.48
0.97,0.004,136.5,337.73,600,-262.27,-0.44
0.97,0.005,126.5,391.24,600,-208.76,-0.35
0.97,0.005,136.5,422.16,600,-177.84,-0.3
0.97,0.006,126.5,469.48,600,-130.52,-0.22
0.97,0.006,136.5,506.6,600,-93.4,-0.16
0.97,0.007,126.5,547.73,600,-52.27,-0.09
0.97,0.007,136.5,591.03,600,-8.97,-0.01
0.97,0.008,126.5,625.98,600,25.98,0.04
0.97,0.008,136.5,675.46,600,75.46,0.13
0.97,0.009,126.5,704.23,600,104.23,0.17
0.97,0.009,136.5,759.9,600,159.9,0.27
0.97,0.01,126.5,782.47,600,182.47,0.3
0.97,0.01,136.5,844.33,600,244.33,0.41
0.97,0.011,126.5,860.72,600,260.72,0.43
0.97,0.011,136.5,928.76,600,328.76,0.55
0.97,0.012,126.5,938.97,600,338.97,0.56
0.97,0.012,136.5,1013.2,600,413.2,0.69
0.97,0.013,126.5,1017.22,600,417.22,0.7
0.97,0.013,136.5,1097.63,600,497.63,0.83
0.97,0.014,126.5,1095.46,600,495.46,0.83
0.97,0.014,136.5,1182.06,600,582.06,0.97
0.98,0.004,126.5,309.8,600,-290.2,-0.48
0.98,0.004,136.5,334.29,600,-265.71,-0.44
0.98,0.005,126.5,387.24,600,-212.76,-0.35
0.98,0.005,136.5,417.86,600,-182.14,-0.3
0.98,0.006,126.5,464.69,600,-135.31,-0.23
0.98,0.006,136.5,501.43,600,-98.57,-0.16
0.98,0.007,126.5,542.14,600,-57.86,-0.1
0.98,0.007,136.5,585.0,600,-15.0,-0.03
0.98,0.008,126.5,619.59,600,19.59,0.03
0.98,0.008,136.5,668.57,600,68.57,0.11
0.98,0.009,126.5,697.04,600,97.04,0.16
0.98,0.009,136.5,752.14,600,152.14,0.25
0.98,0.01,126.5,774.49,600,174.49,0.29
0.98,0.01,136.5,835.71,600,235.71,0.39
0.98,0.011,126.5,851.94,600,251.94,0.42
0.98,0.011,136.5,919.29,600,319.29,0.53
0.98,0.012,126.5,929.39,600,329.39,0.55
0.98,0.012,136.5,1002.86,600,402.86,0.67
0.98,0.013,126.5,1006.84,600,406.84,0.68
0.98,0.013,136.5,1086.43,600,486.43,0.81
0.98,0.014,126.5,1084.29,600,484.29,0.81
0.98,0.014,136.5,1170.0,600,570.0,0.95
0.99,0.004,126.5,306.67,600,-293.33,-0.49
0.99,0.004,136.5,330.91,600,-269.09,-0.45
0.99,0.005,126.5,383.33,600,-216.67,-0.36
0.99,0.005,136.5,413.64,600,-186.36,-0.31
0.99,0.006,126.5,460.0,600,-140.0,-0.23
0.99,0.006,136.5,496.36,600,-103.64,-0.17
0.99,0.007,126.5,536.67,600,-63.33,-0.11
0.99,0.007,136.5,579.09,600,-20.91,-0.03
0.99,0.008,126.5,613.33,600,13.33,0.02
0.99,0.008,136.5,661.82,600,61.82,0.1
0.99,0.009,126.5,690.0,600,90.0,0.15
0.99,0.009,136.5,744.55,600,144.55,0.24
0.99,0.01,126.5,766.67,600,166.67,0.28
0.99,0.01,136.5,827.27,600,227.27,0.38
0.99,0.011,126.5,843.33,600,243.33,0.41
0.99,0.011,136.5,910.0,600,310.0,0.52
0.99,0.012,126.5,920.0,600,320.0,0.53
0.99,0.012,136.5,992.73,600,392.73,0.65
0.99,0.013,126.5,996.67,600,396.67,0.66
0.99,0.013,136.5,1075.45,600,475.45,0.79
0.99,0.014,126.5,1073.33,600,473.33,0.79
0.99,0.014,136.5,1158.18,600,558.18,0.93
1.0,0.004,126.5,303.6,600,-296.4,-0.49
1.0,0.004,136.5,327.6,600,-272.4,-0.45
1.0,0.005,126.5,379.5,600,-220.5,-0.37
1.0,0.005,136.5,409.5,600,-190.5,-0.32
1.0,0.006,126.5,455.4,600,-144.6,-0.24
1.0,0.006,136.5,491.4,600,-108.6,-0.18
1.0,0.007,126.5,531.3,600,-68.7,-0.11
1.0,0.007,136.5,573.3,600,-26.7,-0.04
1.0,0.008,126.5,607.2,600,7.2,0.01
1.0,0.008,136.5,655.2,600,55.2,0.09
1.0,0.009,126.5,683.1,600,83.1,0.14
1.0,0.009,136.5,737.1,600,137.1,0.23
1.0,0.01,126.5,759.0,600,159.0,0.27
1.0,0.01,136.5,819.0,600,219.0,0.36
1.0,0.011,126.5,834.9,600,234.9,0.39
1.0,0.011,136.5,900.9,600,300.9,0.5
1.0,0.012,126.5,910.8,600,310.8,0.52
1.0,0.012,136.5,982.8,600,382.8,0.64
1.0,0.013,126.5,986.7,600,386.7,0.64
1.0,0.013,136.5,1064.7,600,464.7,0.77
1.0,0.014,126.5,1062.6,600,462.6,0.77
1.0,0.014,136.5,1146.6,600,546.6,0.91
1.01,0.004,126.5,300.59,600,-299.41,-0.5
1.01,0.004,136.5,324.36,600,-275.64,-0.46
1.01,0.005,126.5,375.74,600,-224.26,-0.37
1.01,0.005,136.5,405.45,600,-194.55,-0.32
1.01,0.006,126.5,450.89,600,-149.11,-0.25
1.01,0.006,136.5,486.53,600,-113.47,-0.19
1.01,0.007,126.5,526.04,600,-73.96,-0.12
1.01,0.007,136.5,567.62,600,-32.38,-0.05
1.01,0.008,126.5,601.19,600,1.19,0.0
1.01,0.008,136.5,648.71,600,48.71,0.08
1.01,0.009,126.5,676.34,600,76.34,0.13
1.01,0.009,136.5,729.8,600,129.8,0.22
1.01,0.01,126.5,751.49,600,151.49,0.25
1.01,0.01,136.5,810.89,600,210.89,0.35
1.01,0.011,126.5,826.63,600,226.63,0.38
1.01,0.011,136.5,891.98,600,291.98,0.49
1.01,0.012,126.5,901.78,600,301.78,0.5
1.01,0.012,136.5,973.07,600,373.07,0.62
1.01,0.013,126.5,976.93,600,376.93,0.63
1.01,0.013,136.5,1054.16,600,454.16,0.76
1.01,0.014,126.5,1052.08,600,452.08,0.75
1.01,0.014,136.5,1135.25,600,535.25,0.89
1.02,0.004,126.5,297.65,600,-302.35,-0.5
1.02,0.004,136.5,321.18,600,-278.82,-0.46
1.02,0.005,126.5,372.06,600,-227.94,-0.38
1.02,0.005,136.5,401.47,600,-198.53,-0.33
1.02,0.006,126.5,446.47,600,-153.53,-0.26
1.02,0.006,136.5,481.76,600,-118.24,-0.2
1.02,0.007,126.5,520.88,600,-79.12,-0.13
1.02,0.007,136.5,562.06,600,-37.94,-0.06
1.02,0.008,126.5,595.29,600,-4.71,-0.01
1.02,0.008,136.5,642.35,600,42.35,0.07
1.02,0.009,126.5,669.71,600,69.71,0.12
1.02,0.009,136.5,722.65,600,122.65,0.2
1.02,0.01,126.5,744.12,600,144.12,0.24
1.02,0.01,136.5,802.94,600,202.94,0.34
1.02,0.011,126.5,818.53,600,218.53,0.36
1.02,0.011,136.5,883.24,600,283.24,0.47
1.02,0.012,126.5,892.94,600,292.94,0.49
1.02,0.012,136.5,963.53,600,363.53,0.61
1.02,0.013,126.5,967.35,600,367.35,0.61
1.02,0.013,136.5,1043.82,600,443.82,0.74
1.02,0.014,126.5,1041.76,600,441.76,0.74
1.02,0.014,136.5,1124.12,600,524.12,0.87
1.03,0.004,126.5,294.76,600,-305.24,-0.51
1.03,0.004,136.5,318.06,600,-281.94,-0.47
1.03,0.005,126.5,368.45,600,-231.55,-0.39
1.03,0.005,136.5,397.57,600,-202.43,-0.34
1.03,0.006,126.5,442.14,600,-157.86,-0.26
1.03,0.006,136.5,477.09,600,-122.91,-0.2
1.03,0.007,126.5,515.83,600,-84.17,-0.14
1.03,0.007,136.5,556.6,600,-43.4,-0.07
1.03,0.008,126.5,589.51,600,-10.49,-0.02
1.03,0.008,136.5,636.12,600,36.12,0.06
1.03,0.009,126.5,663.2,600,63.2,0.11
1.03,0.009,136.5,715.63,600,115.63,0.19
1.03,0.01,126.5,736.89,600,136.89,0.23
1.03,0.01,136.5,795.15,600,195.15,0.33
1.03,0.011,126.5,810.58,600,210.58,0.35
1.03,0.011,136.5,874.66,600,274.66,0.46
1.03,0.012,126.5,884.27,600,284.27,0.47
1.03,0.012,136.5,954.17,600,354.17,0.59
1.03,0.013,126.5,957.96,600,357.96,0.6
1.03,0.013,136.5,1033.69,600,433.69,0.72
1.03,0.014,126.5,1031.65,600,431.65,0.72
1.03,0.014,136.5,1113.2,600,513.2,0.86
1.04,0.004,126.5,291.92,600,-308.08,-0.51
1.04,0.004,136.5,315.0,600,-285.0,-0.47
1.04,0.005,126.5,364.9,600,-235.1,-0.39
1.04,0.005,136.5,393.75,600,-206.25,-0.34
1.04,0.006,126.5,437.88,600,-162.12,-0.27
1.04,0.006,136.5,472.5,600,-127.5,-0.21
1.04,0.007,126.5,510.87,600,-89.13,-0.15
1.04,0.007,136.5,551.25,600,-48.75,-0.08
1.04,0.008,126.5,583.85,600,-16.15,-0.03
1.04,0.008,136.5,630.0,600,30.0,0.05
1.04,0.009,126.5,656.83,600,56.83,0.09
1.04,0.009,136.5,708.75,600,108.75,0.18
1.04,0.01,126.5,729.81,600,129.81,0.22
1.04,0.01,136.5,787.5,600,187.5,0.31
1.04,0.011,126.5,802.79,600,202.79,0.34
1.04,0.011,136.5,866.25,600,266.25,0.44
1.04,0.012,126.5,875.77,600,275.77,0.46
1.04,0.012,136.5,945.0,600,345.0,0.57
1.04,0.013,126.5,948.75,600,348.75,0.58
1.04,0.013,136.5,1023.75,600,423.75,0.71
1.04,0.014,126.5,1021.73,600,421.73,0.7
1.04,0.014,136.5,1102.5,600,502.5,0.84
1.05,0.004,126.5,289.14,600,-310.86,-0.52
1.05,0.004,136.5,312.0,600,-288.0,-0.48
1.05,0.005,126.5,361.43,600,-238.57,-0.4
1.05,0.005,136.5,390.0,600,-210.0,-0.35
1.05,0.006,126.5,433.71,600,-166.29,-0.28
1.05,0.006,136.5,468.0,600,-132.0,-0.22
1.05,0.007,126.5,506.0,600,-94.0,-0.16
1.05,0.007,136.5,546.0,600,-54.0,-0.09
1.05,0.008,126.5,578.29,600,-21.71,-0.04
1.05,0.008,136.5,624.0,600,24.0,0.04
1.05,0.009,126.5,650.57,600,50.57,0.08
1.05,0.009,136.5,702.0,600,102.0,0.17
1.05,0.01,126.5,722.86,600,122.86,0.2
1.05,0.01,136.5,780.0,600,180.0,0.3
1.05,0.011,126.5,795.14,600,195.14,0.33
1.05,0.011,136.5,858.0,600,258.0,0.43
1.05,0.012,126.5,867.43,600,267.43,0.45
1.05,0.012,136.5,936.0,600,336.0,0.56
1.05,0.013,126.5,939.71,600,339.71,0.57
1.05,0.013,136.5,1014.0,600,414.0,0.69
1.05,0.014,126.5,1012.0,600,412.0,0.69
1.05,0.014,136.5,1092.0,600,492.0,0.82
1.06,0.004,126.5,286.42,600,-313.58,-0.52
1.06,0.004,136.5,309.06,600,-290.94,-0.48
1.06,0.005,126.5,358.02,600,-241.98,-0.4
1.06,0.005,136.5,386.32,600,-213.68,-0.36
1.06,0.006,126.5,429.62,600,-170.38,-0.28
1.06,0.006,136.5,463.58,600,-136.42,-0.23
1.06,0.007,126.5,501.23,600,-98.77,-0.16
1.06,0.007,136.5,540.85,600,-59.15,-0.1
1.06,0.008,126.5,572.83,600,-27.17,-0.05
1.06,0.008,136.5,618.11,600,18.11,0.03
1.06,0.009,126.5,644.43,600,44.43,0.07
1.06,0.009,136.5,695.38,600,95.38,0.16
1.06,0.01,126.5,716.04,600,116.04,0.19
1.06,0.01,136.5,772.64,600,172.64,0.29
1.06,0.011,126.5,787.64,600,187.64,0.31
1.06,0.011,136.5,849.91,600,249.91,0.42
1.06,0.012,126.5,859.25,600,259.25,0.43
1.06,0.012,136.5,927.17,600,327.17,0.55
1.06,0.013,126.5,930.85,600,330.85,0.55
1.06,0.013,136.5,1004.43,600,404.43,0.67
1.06,0.014,126.5,1002.45,600,402.45,0.67
1.06,0.014,136.5,1081.7,600,481.7,0.8
1.07,0.004,126.5,283.74,600,-316.26,-0.53
1.07,0.004,136.5,306.17,600,-293.83,-0.49
1.07,0.005,126.5,354.67,600,-245.33,-0.41
1.07,0.005,136.5,382.71,600,-217.29,-0.36
1.07,0.006,126.5,425.61,600,-174.39,-0.29
1.07,0.006,136.5,459.25,600,-140.75,-0.23
1.07,0.007,126.5,496.54,600,-103.46,-0.17
1.07,0.007,136.5,535.79,600,-64.21,-0.11
1.07,0.008,126.5,567.48,600,-32.52,-0.05
1.07,0.008,136.5,612.34,600,12.34,0.02
1.07,0.009,126.5,638.41,600,38.41,0.06
1.07,0.009,136.5,688.88,600,88.88,0.15
1.07,0.01,126.5,709.35,600,109.35,0.18
1.07,0.01,136.5,765.42,600,165.42,0.28
1.07,0.011,126.5,780.28,600,180.28,0.3
1.07,0.011,136.5,841.96,600,241.96,0.4
1.07,0.012,126.5,851.21,600,251.21,0.42
1.07,0.012,136.5,918.5,600,318.5,0.53
1.07,0.013,126.5,922.15,600,322.15,0.54
1.07,0.013,136.5,995.05,600,395.05,0.66
1.07,0.014,126.5,993.08,600,393.08,0.66
1.07,0.014,136.5,1071.59,600,471.59,0.79
1.08,0.004,126.5,281.11,600,-318.89,-0.53
1.08,0.004,136.5,303.33,600,-296.67,-0.49
1.08,0.005,126.5,351.39,600,-248.61,-0.41
1.08,0.005,136.5,379.17,600,-220.83,-0.37
1.08,0.006,126.5,421.67,600,-178.33,-0.3
1.08,0.006,136.5,455.0,600,-145.0,-0.24
1.08,0.007,126.5,491.94,600,-108.06,-0.18
1.08,0.007,136.5,530.83,600,-69.17,-0.12
1.08,0.008,126.5,562.22,600,-37.78,-0.06
1.08,0.008,136.5,606.67,600,6.67,0.01
1.08,0.009,126.5,632.5,600,32.5,0.05
1.08,0.009,136.5,682.5,600,82.5,0.14
1.08,0.01,126.5,702.78,600,102.78,0.17
1.08,0.01,136.5,758.33,600,158.33,0.26
1.08,0.011,126.5,773.06,600,173.06,0.29
1.08,0.011,136.5,834.17,600,234.17,0.39
1.08,0.012,126.5,843.33,600,243.33,0.41
1.08,0.012,136.5,910.0,600,310.0,0.52
1.08,0.013,126.5,913.61,600,313.61,0.52
1.08,0.013,136.5,985.83,600,385.83,0.64
1.08,0.014,126.5,983.89,600,383.89,0.64
1.08,0.014,136.5,1061.67,600,461.67,0.77
1.09,0.004,126.5,278.53,600,-321.47,-0.54
1.09,0.004,136.5,300.55,600,-299.45,-0.5
1.09,0.005,126.5,348.17,600,-251.83,-0.42
1.09,0.005,136.5,375.69,600,-224.31,-0.37
1.09,0.006,126.5,417.8,600,-182.2,-0.3
1.09,0.006,136.5,450.83,600,-149.17,-0.25
1.09,0.007,126.5,487.43,600,-112.57,-0.19
1.09,0.007,136.5,525.96,600,-74.04,-0.12
1.09,0.008,126.5,557.06,600,-42.94,-0.07
1.09,0.008,136.5,601.1,600,1.1,0.0
1.09,0.009,126.5,626.7,600,26.7,0.04
1.09,0.009,136.5,676.24,600,76.24,0.13
1.09,0.01,126.5,696.33,600,96.33,0.16
1.09,0.01,136.5,751.38,600,151.38,0.25
1.09,0.011,126.5,765.96,600,165.96,0.28
1.09,0.011,136.5,826.51,600,226.51,0.38
1.09,0.012,126.5,835.6,600,235.6,0.39
1.09,0.012,136.5,901.65,600,301.65,0.5
1.09,0.013,126.5,905.23,600,305.23,0.51
1.09,0.013,136.5,976.79,600,376.79,0.63
1.09,0.014,126.5,974.86,600,374.86,0.62
1.09,0.014,136.5,1051.93,600,451.93,0.75
1.1,0.004,126.5,276.0,600,-324.0,-0.54
1.1,0.004,136.5,297.82,600,-302.18,-0.5
1.1,0.005,126.5,345.0,600,-255.0,-0.42
1.1,0.005,136.5,372.27,600,-227.73,-0.38
1.1,0.006,126.5,414.0,600,-186.0,-0.31
1.1,0.006,136.5,446.73,600,-153.27,-0.26
1.1,0.007,126.5,483.0,600,-117.0,-0.2
1.1,0.007,136.5,521.18,600,-78.82,-0.13
1.1,0.008,126.5,552.0,600,-48.0,-0.08
1.1,0.008,136.5,595.64,600,-4.36,-0.01
1.1,0.009,126.5,621.0,600,21.0,0.04
1.1,0.009,136.5,670.09,600,70.09,0.12
1.1,0.01,126.5,690.0,600,90.0,0.15
1.1,0.01,136.5,744.55,600,144.55,0.24
1.1,0.011,126.5,759.0,600,159.0,0.27
1.1,0.011,136.5,819.0,600,219.0,0.36
1.1,0.012,126.5,828.0,600,228.0,0.38
1.1,0.012,136.5,893.45,600,293.45,0.49
1.1,0.013,126.5,897.0,600,297.0,0.49
1.1,0.013,136.5,967.91,600,367.91,0.61
1.1,0.014,126.5,966.0,600,366.0,0.61
1.1,0.014,136.5,1042.36,600,442.36,0.74
1.11,0.004,126.5,273.51,600,-326.49,-0.54
1.11,0.004,136.5,295.14,600,-304.86,-0.51
1.11,0.005,126.5,341.89,600,-258.11,-0.43
1.11,0.005,136.5,368.92,600,-231.08,-0.39
1.11,0.006,126.5,410.27,600,-189.73,-0.32
1.11,0.006,136.5,442.7,600,-157.3,-0.26
1.11,0.007,126.5,478.65,600,-121.35,-0.2
1.11,0.007,136.5,516.49,600,-83.51,-0.14
1.11,0.008,126.5,547.03,600,-52.97,-0.09
1.11,0.008,136.5,590.27,600,-9.73,-0.02
1.11,0.009,126.5,615.41,600,15.41,0.03
1.11,0.009,136.5,664.05,600,64.05,0.11
1.11,0.01,126.5,683.78,600,83.78,0.14
1.11,0.01,136.5,737.84,600,137.84,0.23
1.11,0.011,126.5,752.16,600,152.16,0.25
1.11,0.011,136.5,811.62,600,211.62,0.35
1.11,0.012,126.5,820.54,600,220.54,0.37
1.11,0.012,136.5,885.41,600,285.41,0.48
1.11,0.013,126.5,888.92,600,288.92,0.48
1.11,0.013,136.5,959.19,600,359.19,0.6
1.11,0.014,126.5,957.3,600,357.3,0.6
1.11,0.014,136.5,1032.97,600,432.97,0.72
1.12,0.004,126.5,271.07,600,-328.93,-0.55
1.12,0.004,136.5,292.5,600,-307.5,-0.51
1.12,0.005,126.5,338.84,600,-261.16,-0.44
1.12,0.005,136.5,365.62,600,-234.38,-0.39
1.12,0.006,126.5,406.61,600,-193.39,-0.32
1.12,0.006,136.5,438.75,600,-161.25,-0.27
1.12,0.007,126.5,474.37,600,-125.63,-0.21
1.12,0.007,136.5,511.87,600,-88.13,-0.15
1.12,0.008,126.5,542.14,600,-57.86,-0.1
1.12,0.008,136.5,585.0,600,-15.0,-0.03
1.12,0.009,126.5,609.91,600,9.91,0.02
1.12,0.009,136.5,658.12,600,58.12,0.1
1.12,0.01,126.5,677.68,600,77.68,0.13
1.12,0.01,136.5,731.25,600,131.25,0.22
1.12,0.011,126.5,745.45,600,145.45,0.24
1.12,0.011,136.5,804.37,600,204.37,0.34
1.12,0.012,126.5,813.21,600,213.21,0.36
1.12,0.012,136.5,877.5,600,277.5,0.46
1.12,0.013,126.5,880.98,600,280.98,0.47
1.12,0.013,136.5,950.62,600,350.62,0.58
1.12,0.014,126.5,948.75,600,348.75,0.58
1.12,0.014,136.5,1023.75,600,423.75,0.71
1.13,0.004,126.5,268.67,600,-331.33,-0.55
1.13,0.004,136.5,289.91,600,-310.09,-0.52
1.13,0.005,126.5,335.84,600,-264.16,-0.44
1.13,0.005,136.5,362.39,600,-237.61,-0.4
1.13,0.006,126.5,403.01,600,-196.99,-0.33
1.13,0.006,136.5,434.87,600,-165.13,-0.28
1.13,0.007,126.5,470.18,600,-129.82,-0.22
1.13,0.007,136.5,507.35,600,-92.65,-0.15
1.13,0.008,126.5,537.35,600,-62.65,-0.1
1.13,0.008,136.5,579.82,600,-20.18,-0.03
1.13,0.009,126.5,604.51,600,4.51,0.01
1.13,0.009,136.5,652.3,600,52.3,0.09
1.13,0.01,126.5,671.68,600,71.68,0.12
1.13,0.01,136.5,724.78,600,124.78,0.21
1.13,0.011,126.5,738.85,600,138.85,0.23
1.13,0.011,136.5,797.26,600,197.26,0.33
1.13,0.012,126.5,806.02,600,206.02,0.34
1.13,0.012,136.5,869.73,600,269.73,0.45
1.13,0.013,126.5,873.19,600,273.19,0.46
1.13,0.013,136.5,942.21,600,342.21,0.57
1.13,0.014,126.5,940.35,600,340.35,0.57
1.13,0.014,136.5,1014.69,600,414.69,0.69
1.14,0.004,126.5,266.32,600,-333.68,-0.56
1.14,0.004,136.5,287.37,600,-312.63,-0.52
1.14,0.005,126.5,332.89,600,-267.11,-0.45
1.14,0.005,136.5,359.21,600,-240.79,-0.4
1.14,0.006,126.5,399.47,600,-200.53,-0.33
1.14,0.006,136.5,431.05,600,-168.95,-0.28
1.14,0.007,126.5,466.05,600,-133.95,-0.22
1.14,0.007,136.5,502.89,600,-97.11,-0.16
1.14,0.008,126.5,532.63,600,-67.37,-0.11
1.14,0.008,136.5,574.74,600,-25.26,-0.04
1.14,0.009,126.5,599.21,600,-0.79,-0.0
1.14,0.009,136.5,646.58,600,46.58,0.08
1.14,0.01,126.5,665.79,600,65.79,0.11
1.14,0.01,136.5,718.42,600,118.42,0.2
1.14,0.011,126.5,732.37,600,132.37,0.22
1.14,0.011,136.5,790.26,600,190.26,0.32
1.14,0.012,126.5,798.95,600,198.95,0.33
1.14,0.012,136.5,862.11,600,262.11,0.44
1.14,0.013,126.5,865.53,600,265.53,0.44
1.14,0.013,136.5,933.95,600,333.95,0.56
1.14,0.014,126.5,932.11,600,332.11,0.55
1.14,0.014,136.5,1005.79,600,405.79,0.68
1.15,0.004,126.5,264.0,600,-336.0,-0.56
1.15,0.004,136.5,284.87,600,-315.13,-0.53
1.15,0.005,126.5,330.0,600,-270.0,-0.45
1.15,0.005,136.5,356.09,600,-243.91,-0.41
1.15,0.006,126.5,396.0,600,-204.0,-0.34
1.15,0.006,136.5,427.3,600,-172.7,-0.29
1.15,0.007,126.5,462.0,600,-138.0,-0.23
1.15,0.007,136.5,498.52,600,-101.48,-0.17
1.15,0.008,126.5,528.0,600,-72.0,-0.12
1.15,0.008,136.5,569.74,600,-30.26,-0.05
1.15,0.009,126.5,594.0,600,-6.0,-0.01
1.15,0.009,136.5,640.96,600,40.96,0.07
1.15,0.01,126.5,660.0,600,60.0,0.1
1.15,0.01,136.5,712.17,600,112.17,0.19
1.15,0.011,126.5,726.0,600,126.0,0.21
1.15,0.011,136.5,783.39,600,183.39,0.31
1.15,0.012,126.5,792.0,600,192.0,0.32
1.15,0.012,136.5,854.61,600,254.61,0.42
1.15,0.013,126.5,858.0,600,258.0,0.43
1.15,0.013,136.5,925.83,600,325.83,0.54
1.15,0.014,126.5,924.0,600,324.0,0.54
1.15,0.014,136.5,997.04,600,397.04,0.66
1.16,0.004,126.5,261.72,600,-338.28,-0.56
1.16,0.004,136.5,282.41,600,-317.59,-0.53
1.16,0.005,126.5,327.16,600,-272.84,-0.45
1.16,0.005,136.5,353.02,600,-246.98,-0.41
1.16,0.006,126.5,392.59,600,-207.41,-0.35
1.16,0.006,136.5,423.62,600,-176.38,-0.29
1.16,0.007,126.5,458.02,600,-141.98,-0.24
1.16,0.007,136.5,494.22,600,-105.78,-0.18
1.16,0.008,126.5,523.45,600,-76.55,-0.13
1.16,0.008,136.5,564.83,600,-35.17,-0.06
1.16,0.009,126.5,588.88,600,-11.12,-0.02
1.16,0.009,136.5,635.43,600,35.43,0.06
1.16,0.01,126.5,654.31,600,54.31,0.09
1.16,0.01,136.5,706.03,600,106.03,0.18
1.16,0.011,126.5,719.74,600,119.74,0.2
1.16,0.011,136.5,776.64,600,176.64,0.29
1.16,0.012,126.5,785.17,600,185.17,0.31
1.16,0.012,136.5,847.24,600,247.24,0.41
1.16,0.013,126.5,850.6,600,250.6,0.42
1.16,0.013,136.5,917.84,600,317.84,0.53
1.16,0.014,126.5,916.03,600,316.03,0.53
1.16,0.014,136.5,988.45,600,388.45,0.65
1.17,0.004,126.5,259.49,600,-340.51,-0.57
1.17,0.004,136.5,280.0,600,-320.0,-0.53
1.17,0.005,126.5,324.36,600,-275.64,-0.46
1.17,0.005,136.5,350.0,600,-250.0,-0.42
1.17,0.006,126.5,389.23,600,-210.77,-0.35
1.17,0.006,136.5,420.0,600,-180.0,-0.3
1.17,0.007,126.5,454.1,600,-145.9,-0.24
1.17,0.007,136.5,490.0,600,-110.0,-0.18
1.17,0.008,126.5,518.97,600,-81.03,-0.14
1.17,0.008,136.5,560.0,600,-40.0,-0.07
1.17,0.009,126.5,583.85,600,-16.15,-0.03
1.17,0.009,136.5,630.0,600,30.0,0.05
1.17,0.01,126.5,648.72,600,48.72,0.08
1.17,0.01,136.5,700.0,600,100.0,0.17
1.17,0.011,126.5,713.59,600,113.59,0.19
1.17,0.011,136.5,770.0,600,170.0,0.28
1.17,0.012,126.5,778.46,600,178.46,0.3
1.17,0.012,136.5,840.0,600,240.0,0.4
1.17,0.013,126.5,843.33,600,243.33,0.41
1.17,0.013,136.5,910.0,600,310.0,0.52
1.17,0.014,126.5,908.21,600,308.21,0.51
1.17,0.014,136.5,980.0,600,380.0,0.63
1.18,0.004,126.5,257.29,600,-342.71,-0.57
1.18,0.004,136.5,277.63,600,-322.37,-0.54
1.18,0.005,126.5,321.61,600,-278.39,-0.46
1.18,0.005,136.5,347.03,600,-252.97,-0.42
1.18,0.006,126.5,385.93,600,-214.07,-0.36
1.18,0.006,136.5,416.44,600,-183.56,-0.31
1.18,0.007,126.5,450.25,600,-149.75,-0.25
1.18,0.007,136.5,485.85,600,-114.15,-0.19
1.18,0.008,126.5,514.58,600,-85.42,-0.14
1.18,0.008,136.5,555.25,600,-44.75,-0.07
1.18,0.009,126.5,578.9,600,-21.1,-0.04
1.18,0.009,136.5,624.66,600,24.66,0.04
1.18,0.01,126.5,643.22,600,43.22,0.07
1.18,0.01,136.5,694.07,600,94.07,0.16
1.18,0.011,126.5,707.54,600,107.54,0.18
1.18,0.011,136.5,763.47,600,163.47,0.27
1.18,0.012,126.5,771.86,600,171.86,0.29
1.18,0.012,136.5,832.88,600,232.88,0.39
1.18,0.013,126.5,836.19,600,236.19,0.39
1.18,0.013,136.5,902.29,600,302.29,0.5
1.18,0.014,126.5,900.51,600,300.51,0.5
1.18,0.014,136.5,971.69,600,371.69,0.62
1.19,0.004,126.5,255.13,600,-344.87,-0.57
1.19,0.004,136.5,275.29,600,-324.71,-0.54
1.19,0.005,126.5,318.91,600,-281.09,-0.47
1.19,0.005,136.5,344.12,600,-255.88,-0.43
1.19,0.006,126.5,382.69,600,-217.31,-0.36
1.19,0.006,136.5,412.94,600,-187.06,-0.31
1.19,0.007,126.5,446.47,600,-153.53,-0.26
1.19,0.007,136.5,481.76,600,-118.24,-0.2
1.19,0.008,126.5,510.25,600,-89.75,-0.15
1.19,0.008,136.5,550.59,600,-49.41,-0.08
1.19,0.009,126.5,574.03,600,-25.97,-0.04
1.19,0.009,136.5,619.41,600,19.41,0.03
1.19,0.01,126.5,637.82,600,37.82,0.06
1.19,0.01,136.5,688.24,600,88.24,0.15
1.19,0.011,126.5,701.6,600,101.6,0.17
1.19,0.011,136.5,757.06,600,157.06,0.26
1.19,0.012,126.5,765.38,600,165.38,0.28
1.19,0.012,136.5,825.88,600,225.88,0.38
1.19,0.013,126.5,829.16,600,229.16,0.38
1.19,0.013,136.5,894.71,600,294.71,0.49
1.19,0.014,126.5,892.94,600,292.94,0.49
1.19,0.014,136.5,963.53,600,363.53,0.61
1.2,0.004,126.5,253.0,600,-347.0,-0.58
1.2,0.004,136.5,273.0,600,-327.0,-0.55
1.2,0.005,126.5,316.25,600,-283.75,-0.47
1.2,0.005,136.5,341.25,600,-258.75,-0.43
1.2,0.006,126.5,379.5,600,-220.5,-0.37
1.2,0.006,136.5,409.5,600,-190.5,-0.32
1.2,0.007,126.5,442.75,600,-157.25,-0.26
1.2,0.007,136.5,477.75,600,-122.25,-0.2
1.2,0.008,126.5,506.0,600,-94.0,-0.16
1.2,0.008,136.5,546.0,600,-54.0,-0.09
1.2,0.009,126.5,569.25,600,-30.75,-0.05
1.2,0.009,136.5,614.25,600,14.25,0.02
1.2,0.01,126.5,632.5,600,32.5,0.05
1.2,0.01,136.5,682.5,600,82.5,0.14
1.2,0.011,126.5,695.75,600,95.75,0.16
1.2,0.011,136.5,750.75,600,150.75,0.25
1.2,0.012,126.5,759.0,600,159.0,0.27
1.2,0.012,136.5,819.0,600,219.0,0.36
1.2,0.013,126.5,822.25,600,222.25,0.37
1.2,0.013,136.5,887.25,600,287.25,0.48
1.2,0.014,126.5,885.5,600,285.5,0.48
1.2,0.014,136.5,955.5,600,355.5,0.59
